Title,Year,For,Why,Thread,Streaming,Streaming Checked,TMDB ID,Poster,Runtime,Overview,Status,Note,Flag
Past Lives,2023,Date Night,"Two childhood friends, twenty-four years apart, one week in New York, and the whole film is the life they did not live. No villain, no misunderstanding, just two decent people and the cost of a choice already made.","About Time 4.8, The Time Traveler’s Wife 4.5, Brooklyn 4.4, and the entire Before trilogy still sitting unwatched on your shelf. You rate time-and-second-chances higher than any lane except documentaries, and this is the best film in it since About Time.",Netflix,2026-10-03,666277,posters/666277.jpg,106,"After decades apart, childhood friends Nora and Hae Sung are reunited in New York for one fateful weekend as they confront notions of destiny, love, and the choices that make a life.","Watched, moved to the library",,
Love Actually,2003,Date Night,"Nine love stories across London in the five weeks before Christmas. Some land, some ache, one is quietly devastating, and the airport ending earns itself.","Notting Hill 4.9, Four Weddings 4.0, Bridget Jones 4.0. Richard Curtis is a confirmed 4-and-up lane for you and this is the only one of his you do not own. It is also a Christmas film, and your Christmas lane averages 4.29, above your library.",Universal+ Amazon Channel,2026-10-03,508,posters/508.jpg,135,Eight very different couples deal with their love lives in various loosely interrelated tales all set during a frantic month before Christmas in London.,Suggested,,
Sing Street,2016,Date Night,"Dublin, 1985. A boy starts a band to impress a girl and accidentally becomes somebody. Funny, then much bigger than it looked.","Begin Again 4.0, same director. The Commitments energy. And your 5s are all about someone choosing who to be: The Iron Giant, Good Will Hunting, Encanto 4.8. Careful though: his other film Once landed at 2.5 for you, so this one is on probation.",Rent: Google Play Movies,2026-10-03,369557,posters/369557.jpg,105,A boy growing up in Dublin during the 1980s escapes his strained family life by starting a band to impress the mysterious girl he likes.,"Watched, moved to the library",,
The Big Sick,2017,Date Night,"A real couple wrote it about their own courtship, most of which she spent in a medically induced coma while he got to know her parents.","The Nice Guys 4.5 for the comic timing, Me Before You 4.7 for the stakes. Your 4.5-and-up gate is that somebody pays a real price, and here two families pay it at once.",Amazon Prime Video,2026-10-03,416477,posters/416477.jpg,120,"Pakistan-born comedian Kumail Nanjiani and grad student Emily Gardner fall in love but struggle as their cultures clash. When Emily contracts a mysterious illness, Kumail finds himself forced to face her feisty parents, his family's expectations, and his true feelings.","Watched, moved to the library",,
Spirited Away,2001,The Boys,"A girl whose parents are turned into pigs has to work in a bathhouse for spirits to win them back. No villain, no battle, just a child learning she is capable.","Wolfwalkers 4.5, and Secret of Kells and Song of the Sea both queued. You have zero Studio Ghibli in 383 films, which is the single largest blind spot in the library. Hand-drawn, strange, and about a kid solving her own problem, which is exactly what the boys rate highest.",Netflix,2026-10-03,129,posters/129.jpg,125,"A young girl, Chihiro, becomes trapped in a strange new world of spirits. When her parents undergo a mysterious transformation, she must call upon the courage she never knew she had to free her family.",Suggested,,
How to Train Your Dragon 2,2014,The Boys,Hiccup finds the parent he thought was dead and then has to choose between that and the dragons. The rare sequel better than the original.,"How to Train Your Dragon 4.0, and you stopped. Compare Puss in Boots: The Last Wish 5.0 and The Iron Giant 5.0: the boys’ highest scores all go to a creature choosing to be more than it was built to be.","Amazon Prime Video, HBO Max, Universal+ Amazon Channel",2026-10-03,82702,posters/82702.jpg,102,"Five years after uniting the dragons and Vikings of Berk, Hiccup and Toothless soar beyond their homeland, charting the vast unknown. During one of their adventures, the pair discover a secret cave that houses hundreds of wild dragons—and a mysterious dragon rider with a startling connection to Hiccup. And as the ruthless conqueror Drago Bludvist rises to seize control of both dragons and people alike, Hiccup must step into his role as a true leader and, alongside his friends and Toothless, protect Berk from a devastating war.",Suggested,,
Apollo 11,2019,The Boys,"No narration, no talking heads, no reenactment. Seventy-millimetre footage nobody had seen since 1969, restored, cut to the mission clock.","The Martian 4.8, Interstellar 5.0, October Sky 4.5, Apollo 13 4.0, and you just rated Hidden Figures 4.3. Five space films, all 4.0 or better. The boys have earned the actual footage.","Rent: Apple TV Store, Google Play Movies",2026-10-03,549559,posters/549559.jpg,93,A look at the Apollo 11 mission to land on the moon led by commander Neil Armstrong and pilot Buzz Aldrin.,"Watched, moved to the library",,
Hugo,2011,Whole Family,"A boy living in a Paris train station, a broken automaton, and a bitter old toymaker who turns out to be the forgotten inventor of cinema.","The Boy, the Mole, the Fox and the Horse 4.8, Paddington 4.7, Wonka 4.5 which you just rated. Your family’s highest animated scores go to films about somebody being restored to themselves, and this is that in live action.","Rent: Apple TV Store, Google Play Movies",2026-10-03,44826,posters/44826.jpg,126,"Orphaned and alone except for an uncle, Hugo Cabret lives in the walls of a train station in 1930s Paris. Hugo's job is to oil and maintain the station's clocks, but to him, his more important task is to protect a broken automaton and notebook left to him by his late father. Accompanied by the goddaughter of an embittered toy merchant, Hugo embarks on a quest to solve the mystery of the automaton and find a place he can call home.",Suggested,,
The Dawn Wall,2017,Chris,Tommy Caldwell spends seven years on one route after losing a finger and being taken hostage in Kyrgyzstan. Obsession as devotion.,"Free Solo 4.5 which you just gave me, Young Woman and the Sea 4.6, Fantastic Fungi 5.0. One person against an impossible physical problem is now a measurable pattern in your data, not a guess.",,2026-10-03,489471,posters/489471.jpg,101,"In an unbelievable story of perseverance, free climber Tommy Caldwell and climbing partner Kevin Jorgeson attempt to scale the impossible 3000ft Dawn Wall of El Capitan.",Suggested,,
The Wind Rises,2013,Date Night,"Miyazaki’s last film, and his only one for adults. An aircraft designer loves a dying woman while building the planes that will be used for war.","Your highest lane is now documentaries: A Tribe Called Quest 4.9, The Sunshine Makers 4.9, Fantastic Fungi 5.0. This is the animated film closest to that register, and it pairs with the Ghibli gap above.",Netflix,2026-10-03,149870,posters/149870.jpg,126,"A lifelong love of flight inspires Japanese aviation engineer Jiro Horikoshi, whose storied career includes the creation of the A-6M World War II fighter plane.",Suggested,,
The Secret in Their Eyes,2009,Date Night,Argentina. A retired investigator reopens a twenty-five-year-old murder and finally says the thing he never said. Won the Oscar.,"Good Will Hunting 5.0 and The Shawshank Redemption 4.9: your two highest dramas are both about a man who waited too long to speak. Subtitled, which you handled fine with Amélie.",Netflix,2026-10-03,25376,posters/25376.jpg,130,"Hoping to put to rest years of unease concerning a past case, retired criminal investigator Benjamín begins writing a novel based on the unsolved mystery of a newlywed’s rape and murder. With the help of a former colleague, judge Irene, he attempts to make sense of the past.",Suggested,,
Chef,2014,Whole Family,"A chef loses everything, buys a food truck, and drives it across America with his son. Jon Favreau wrote, directed and starred.","The Secret Life of Walter Mitty 4.5, Ratatouille 4.3 which you just rated, Pitch Perfect 4.6. A man rebuilding himself through craft, with a kid in the passenger seat. Your exact register and barely ninety minutes.",,2026-10-03,212778,posters/212778.jpg,114,"When Chef Carl Casper suddenly quits his job at a prominent Los Angeles restaurant after refusing to compromise his creative integrity for its controlling owner, he is left to figure out what's next. Finding himself in Miami, he teams up with his ex-wife, his friend and his son to launch a food truck. Taking to the road, Chef Carl goes back to his roots to reignite his passion for the kitchen -- and zest for life and love.","Watched, moved to the library",,
The Man Who Invented Christmas,2017,Whole Family,"Dickens, broke and blocked, writes A Christmas Carol in six weeks while the characters argue with him in his study.","Your Christmas lane averages 4.29, the highest of any lane. Elf 5.0, Christmas Vacation 4.5, The Family Man 4.5. This is the one nobody in your house has seen and it is about making the thing, which is your whole year.",Disney Plus,2026-10-03,450322,posters/450322.jpg,105,"In 1843, despite the fact that Dickens is a successful writer, the failure of his latest book puts his career at a crossroads, until the moment when, struggling with inspiration and confronting reality with his childhood memories, a new character is born in the depths of his troubled mind; an old, lonely, embittered man, so vivid, so human, that a whole world grows around him, a story so inspiring that changed the meaning of Christmas forever.",Suggested,,
Everybody Wants Some!!,2016,Chris,Richard Linklater. Three days with a college baseball team in 1980 and almost no plot. It is about being young with your friends and knowing it is ending.,"Dazed and Confused energy, Linklater again, who made the Before trilogy you own and have not watched. Old School 4.2, Everybody Wants Some is what that film would be if it had a soul.",Amazon Prime Video,2026-10-03,295699,posters/295699.jpg,117,A comedy that follows a group of friends as they navigate their way through the freedoms and responsibilities of unsupervised adulthood.,Suggested,,
The Bear,1988,The Boys,"An orphaned bear cub and a wounded grizzly, almost no dialogue, shot with real animals in the Dolomites. The hunting scene will wreck them in the right way.","Flow 4.3 which you just rated, and your boys’ scores reward a creature solving its own problem without words. Same silence, thirty-six years earlier.","Rent: Apple TV Store, Google Play Movies",2026-10-03,2383,posters/2383.jpg,97,An orphan bear cub hooks up with an adult male as they try to dodge human hunters.,Suggested,,
Searching for Sugar Man,2012,Chris,"Two South Africans go looking for a Detroit folk singer who was bigger than Elvis in their country and had no idea, having given up and become a labourer.","A Tribe Called Quest 4.9, The Sunshine Makers 4.9, Becoming Nobody 4.4. Your documentary lane is your single highest-rated and this is the best story in it: a man whose work mattered enormously somewhere he never knew about.",,2026-10-03,84334,posters/84334.jpg,85,"Two South Africans set out to discover what happened to their unlikely musical hero, the mysterious 1970s rock 'n' roller, Rodriguez.","Watched, moved to the library",,
The Grand Seduction,2013,Date Night,"A dying Newfoundland fishing village fakes an entire cricket-loving community to keep a doctor from leaving. Gentle, very funny, quietly about belonging.","My Big Fat Greek Wedding 4.5, Guernsey 4.5, The Grand Budapest Hotel 4.5. Small town, large ensemble, a lie that becomes true. Pixie will love it and it is under ninety-five minutes.",Rent: Google Play Movies,2026-10-03,209185,posters/209185.jpg,112,"A small fishing village must procure a local doctor to secure a lucrative business contract. When unlikely candidate and big city doctor Paul Lewis lands in their lap for a trial residence, the townsfolk rally together to charm him into staying. As the doctor’s time in the village winds to a close, acting mayor Murray French has no choice but to pull out all the stops and begin The Grand Seduction.",Suggested,,
Robot Dreams,2023,Whole Family,A lonely dog in 1980s New York builds a robot friend. Not one word of dialogue in the entire film. Oscar nominated.,"The Iron Giant 5.0 and Flow 4.3. You have now rated two wordless films about a machine or animal learning to love, and both cleared your rewatch line. This is the third.",Amazon Prime Video,2026-10-03,838240,posters/838240.jpg,102,A lonely dog's friendship with his robot companion takes a sad turn when an unexpected malfunction forces him to abandon Robot at the beach. Will Dog ever meet Robot again?,Suggested,,
Marcel the Shell with Shoes On,2021,Whole Family,A one-inch shell with one eye looks for his lost family. It sounds unbearable and it is one of the most quietly moving films of the decade.,"The Boy, the Mole, the Fox and the Horse 4.8, Paddington 4.7. Small, kind, and about a creature who refuses to be smaller than his situation.","Rent: Apple TV Store, Google Play Movies",2026-10-03,869626,posters/869626.jpg,90,"Marcel is an adorable one-inch-tall shell who ekes out a colorful existence with his grandmother Connie and their pet lint, Alan. Once part of a sprawling community of shells, they now live alone as the sole survivors of a mysterious tragedy. When a documentarian discovers them amongst the clutter of his Airbnb, his resulting short film brings Marcel millions of passionate fans, as well as unprecedented dangers and a new hope at finding his long-lost family.",Suggested,,
The Peanut Butter Falcon,2019,Whole Family,"A young man with Down syndrome escapes a care home to find a wrestling school, and picks up a fugitive and a nurse along the way.","The Unbreakable Boy 4.1, Stardust 4.1, Jojo Rabbit 4.8. A road film about three people who become a family, with the sweetness earned rather than assumed.",,2026-10-03,463257,posters/463257.jpg,97,A down-on-his-luck crab fisherman embarks on a journey to get a young man with Down syndrome to a professional wrestling school in rural North Carolina and away from the retirement home where he’s lived for the past two and a half years.,Suggested,,
Operation Mincemeat,2021,Date Night,"The true story of the corpse Britain floated off the Spanish coast carrying fake invasion plans, and the two men who invented a whole life for him.","1917 4.6, Saving Private Ryan 4.8, The Imitation Game adjacent. Colin Firth, who you have at 4.5 in Kingsman. A war film that is really about people inventing a story well enough to be believed.",Netflix,2026-10-03,661231,posters/661231.jpg,128,"In 1943, two British intelligence officers concoct Operation Mincemeat, wherein their plan to drop a corpse with false papers off the coast of Spain would fool Nazi spies into believing the Allied forces were planning to attack by way of Greece rather than Sicily.",Suggested,,
