Title,Year,Why Tracked,TMDB ID,Release Date,Release Costa Rica,Status,Streaming,Streaming Checked,Poster,Runtime,Overview,Interest,Note
The Super Mario Galaxy Movie,2026,"Nintendo, after Super Mario Bros",1226863,2026-04-01,,Rent or buy,Rent: Apple TV Store,2026-10-03,posters/1226863.jpg,98,"Having thwarted Bowser's previous plot to marry Princess Peach, Mario and Luigi now face a fresh threat in Bowser Jr., who is determined to liberate his father from captivity and restore the family legacy. Alongside companions new and old, the brothers travel across the stars to stop the young heir's crusade.",,
The Punisher: One Last Kill,2026,Marvel,1439930,2026-05-12,,Now streaming,Disney Plus,2026-10-03,posters/1439930.jpg,51,"As Frank Castle searches for meaning beyond revenge, an unexpected force pulls him back into the fight.",,
In the Grey,2026,Guy Ritchie,1122573,2026-05-13,,Now streaming,Amazon Prime Video,2026-10-03,posters/1122573.jpg,97,"A covert team of elite operatives are living in the shadows. When a ruthless despot steals a billion-dollar fortune, they're sent to take it back—an impossible heist that erupts into a deadly game of strategy, deception and survival.",,
The Mandalorian and Grogu,2026,Lucasfilm / Star Wars,1228710,2026-05-20,,Now streaming,Disney Plus,2026-10-03,posters/1228710.jpg,132,"The evil Empire has fallen, and Imperial warlords remain scattered throughout the galaxy. As the fledgling New Republic works to protect everything the Rebellion fought for, they have enlisted the help of legendary Mandalorian bounty hunter Din Djarin and his young apprentice Grogu.",,
Toy Story 5,2026,Pixar,1084244,2026-06-17,,Now streaming,Disney Plus,2026-10-03,posters/1084244.jpg,102,"When Bonnie receives a Lilypad tablet as a gift and becomes obsessed, Buzz, Woody, Jessie and the rest of the gang's jobs become exponentially harder when they have to go head to head with the all-new threat to playtime.",,
Julián,2026,Cartoon Saloon,1061799,2026-06-23,,In theaters or not here yet,,2026-10-03,posters/1061799.jpg,85,"Wide-eyed Julián is about to spend the summer with a grandmother he barely knows. He is amazed to discover her treasure-trove apartment, his own Caribbean heritage and the lively Brooklyn community he is surrounded by. But most surprising of all, Julián discovers that he is, in fact, a mermaid!",,
Spider-Man: Brand New Day,2026,Marvel,969681,2026-07-29,2026-07-29,In theaters or not here yet,,2026-10-03,posters/969681.jpg,145,Fighting crime full-time as Spider-Man in a world that doesn't remember him—and the pressure of seeing his old friends move on without him—sparks a change in Peter Parker he may not have the power to control. But that transformation might also be the only thing that can stop a shocking new threat to the city and those he loves - a powerful villain no one can even see.,,
LEGO Star Wars: The Mandalorian,2026,Lucasfilm / Star Wars,1731694,2026-09-02,,In theaters or not here yet,,2026-10-03,posters/1731694.jpg,50,"The Mandalorian and Grogu join their misfit allies for an epic party, celebrating their heroism. As friends regale the crowd with tales of their adventures, a pirate threat looms.",,
Forgotten Island,2026,DreamWorks Animation,1465063,2026-09-10,2026-09-24,In theaters or not here yet,,2026-10-03,posters/1465063.jpg,109,"While celebrating their last night together, high school graduates and best friends Jo and Raissa stumble upon a mysterious portal that transports them to the fantastical island of Nakali. When they discover that the memories of their entire friendship are the price for returning home, Jo and Raissa must race to find a way to leave the island before they forget each other forever.",,
Diary of a Wimpy Kid: The Getaway,2026,Disney,1519780,2026-12-04,,Upcoming,,2026-10-03,,,"Greg Heffley and his family are getting out of town. With the cold weather setting in and the stress of the Christmas holiday approaching, the Heffley family decides to escape to a tropical island resort for some much-needed rest and relaxation. A few days in paradise should do wonders for Greg and his frazzled family. But the Heffleys soon discover that paradise isn’t everything it’s cracked up to be.",,
Avengers: Doomsday,2026,Marvel,1003596,2026-12-15,,Upcoming,,2026-10-03,posters/1003596.jpg,165,Beloved heroes from three distinct universes are set on a deadly collision course and face an existential threat unlike anything they've ever encountered.,,
Dune: Part Three,2026,Denis Villeneuve,1170608,2026-12-15,2026-12-17,Upcoming,,2026-10-03,posters/1170608.jpg,140,"Nearly two decades after he seized control of the Imperium, Paul Atreides is now a ruthless Emperor, and must face the consequences of his reign as old allies return, terrifying new threats emerge, and betrayal lurks in every shadow. Haunted by visions of Imperial collapse and the reappearance of his long-lost love, Paul is drawn into a sweeping conspiracy, with Chani at the heart of its unfolding mystery. As enemies close in, Paul must confront the true cost of power and the fate of those he loves the most.",,
CoComelon: The Movie,2027,DreamWorks Animation,1480503,2027-02-04,,Upcoming,,2026-10-03,posters/1480503.jpg,,"JJ embarks on the biggest adventure of his life: Kindergarten. But when, on his first day at school, JJ discovers that his beloved stuffed bear Boba has gone missing, JJ and his friends Cody, CeCe and Nina will begin a quest that will transport them into a magical land ruled by Princess Harmony, who has created a world with one rule: No singing.",,
Wife & Dog,2027,Guy Ritchie,1290000,2027-02-18,,Upcoming,,2026-10-03,posters/1290000.jpg,,The relentless greed of the Fairbank family and their associates fuels betrayal and murder in the battle for succession.,,
Gatto,2027,Pixar,1497464,2027-03-03,,Upcoming,,2026-10-03,posters/1497464.jpg,,"After years of maneuvering the canal-ridden, superstitious city of Venice, Italy, a scrappy black cat named Nero begins to question whether he’s lived the right lives. Indebted to Rocco, a ruthless local feline mob boss, Nero finds himself in a quandary and is forced to forge a truly unexpected friendship that may finally lead him to his purpose — unless Venice gets the better of him first.",,
Star Wars: Starfighter,2027,Lucasfilm / Star Wars,1417668,2027-05-26,,Upcoming,,2026-10-03,posters/1417668.jpg,,An original story set approximately five years after the events of Star Wars: The Rise of Skywalker.,,
How to Train Your Dragon 2 (2027),2027,DreamWorks Animation,1458319,2027-06-10,,Upcoming,,2026-10-03,posters/1458319.jpg,,The second live-action adaptation of the animated trilogy. Plot TBA.,,
Spider-Man: Beyond the Spider-Verse,2027,Marvel Entertainment,911916,2027-06-17,,Upcoming,,2026-10-03,posters/911916.jpg,,"Hunted by Miguel O'Hara's Spider Society and betrayed by his friends, Miles finds himself in the darkest corners of the Spider-Verse in search of a way home. Knowing that his family has been not only fractured but endangered by his calling, it's a race against the clock for Miles to travel across the wildest reaches of time and space to fight for and reunite everything he holds most dear.",,
Shrek 5,2027,DreamWorks Animation,421892,2027-06-30,2027-06-30,Upcoming,,2026-10-03,posters/421892.jpg,,"Shrek and Donkey team up for another whirlwind, big-city adventure, this time in the magical city of Further Further Away.",,
Avengers: Secret Wars,2027,Marvel,1003598,2027-12-15,,Upcoming,,2026-10-03,posters/1003598.jpg,,An upcoming film in Phase Six of the Marvel Cinematic Universe (MCU) and the finale of The Multiverse Saga.,,
Viva La Madness,2028,Guy Ritchie,1571245,2028-01-21,,Upcoming,,2026-10-03,posters/1571245.jpg,,A high-profile British drug dealer hides out in the Carribean waiting for the heat to die down from his last job and plotting his imminent return to London.,,
Ghost Market,2028,Pixar,1647603,2028-03-08,,Upcoming,,2026-10-03,posters/1647603.jpg,,"Hidden away in a remote location on Oahu's North Shore is 'Ono Market, a plate lunch shop that serves lost spirits, stuck between life and death. The living have never set foot in this place - until a food-loving, would-be content creator named Kyle blunders in, eats a mixed plate for the dead, and accidentally turns himself into a half-ghost. To get back to normal, he'll have to deal with paranormal deliveries, long hours in a haunted kitchen, and scariest of all... his own family.",,
Tangled,2028,Disney,1559978,2028-03-30,,Upcoming,,2026-10-03,posters/1559978.jpg,,The live-action adaptation of Disney's Tangled. Plot TBA.,,
Untitled X-Men Film,2028,Marvel,1293690,2028-05-04,,Upcoming,,2026-10-03,posters/1293690.jpg,,A film set in the Marvel Cinematic Universe (MCU) based on the Marvel Comics team. Plot TBA.,,
Lilo & Stitch 2,2028,Disney,1504349,2028-05-25,,Upcoming,,2026-10-03,posters/1504349.jpg,,"The second instalment in the live-action adaptation franchise, now with Angel. Plot TBA.",,
Incredibles 3,2028,Pixar,1327821,2028-06-14,,Upcoming,,2026-10-03,posters/1327821.jpg,,"Thanks to entrepreneur Winston Deavor, superheroes are legal again, ushering in a new era for the world’s supers. But while Dash and Violet secretly take to the streets at night to prove their worth, Bob finds himself facing a threat unlike any he’s encountered before—and questioning whether there’s still a place for him in a world that no longer seems to need Mr. Incredible.",,
Donkey,2028,DreamWorks Animation,1110132,2028-06-28,,Upcoming,,2026-10-03,posters/1110132.jpg,,Said to be the origin of how Donkey became Donkey. Plot TBA.,,
Ghost Rider,2028,Marvel,1738010,2028-07-27,,Upcoming,,2026-10-03,posters/1738010.jpg,,A film set in the Marvel Cinematic Universe (MCU) based on the Marvel Comics character of the same name. Plot TBA.,,
Black Panther 3,2028,Marvel,1386618,2028-12-13,,Upcoming,,2026-10-03,posters/1386618.jpg,,"T'Challa's son, T'Challa, comes of age with eyes on the crown of Wakanda.",,
